name,lat,lon,type,depth_m,campaign
S-001,52.4494,4.3651,buoy,8.6,A
S-002,52.4626,4.3703,mooring,8.4,A
S-003,52.4899,4.3341,sensor,8.1,A
S-004,52.5406,4.257,drifter,9.3,A
S-005,52.5683,4.2994,buoy,10.4,A
S-006,52.5844,4.2461,mooring,14.7,A
S-007,52.6339,4.1897,sensor,15.8,A
S-008,52.6302,4.2025,drifter,14.0,A
S-009,52.6643,4.0951,buoy,15.0,A
S-010,52.7328,4.0681,mooring,17.1,A
S-011,52.7504,4.0539,sensor,17.9,A
S-012,52.744,3.9893,drifter,17.5,A
S-013,52.8093,3.9928,buoy,18.9,A
S-014,52.8318,3.962,mooring,19.9,A
S-015,52.8725,3.9532,sensor,20.6,A
S-016,52.8875,3.9025,drifter,24.1,A
S-017,52.925,3.8455,buoy,25.5,A
S-018,52.9166,3.8251,mooring,25.6,A
S-019,52.9468,3.7989,sensor,23.7,A
S-020,53.006,3.7931,drifter,26.8,A
S-021,53.0466,3.7147,buoy,28.3,A
S-022,53.058,3.708,mooring,28.3,A
S-023,53.1009,3.7111,sensor,29.3,B
S-024,53.1186,3.5894,drifter,31.2,B
S-025,53.1458,3.6493,buoy,32.7,B
S-026,53.1522,3.5552,mooring,33.0,B
S-027,53.1647,3.5295,sensor,32.0,B
S-028,53.1986,3.4559,drifter,35.4,B
S-029,53.2275,3.4414,buoy,34.8,B
S-030,53.3002,3.3914,mooring,36.1,B
S-031,53.3091,3.4383,sensor,38.5,B
S-032,53.3562,3.3445,drifter,37.9,B
S-033,53.3541,3.3718,buoy,41.0,B
S-034,53.3698,3.2676,mooring,39.1,B
S-035,53.403,3.2652,sensor,41.5,B
S-036,53.4329,3.1837,drifter,41.8,B
S-037,53.4675,3.2066,buoy,44.9,B
S-038,53.515,3.1682,mooring,44.5,B
S-039,53.5424,3.0887,sensor,46.6,B
S-040,53.5768,3.1375,drifter,47.2,B
