name,lat,lon,site_type,ph,dissolved_oxygen_mg_l,turbidity_ntu,nitrate_mg_l,e_coli_cfu_100ml,temperature_c
WQ-01,51.9500636,5.9534701,headwater,7.6,10.1,4.2,2.1,60,15.2
WQ-02,52.0127400,6.1273486,headwater,7.6,9.9,4.5,2.3,70,15.3
WQ-03,52.1409177,6.1900363,headwater,7.7,9.8,4.8,2.4,85,15.5
WQ-04,52.1450715,6.1874713,headwater,7.7,9.7,5.0,2.6,95,15.6
WQ-05,52.1679582,6.1915089,headwater,7.6,9.6,5.3,2.8,110,15.8
WQ-06,52.2413185,6.1628773,urban,7.5,8.6,7.5,3.6,320,16.4
WQ-07,52.2451806,6.1641632,urban,7.4,7.8,9.8,4.5,650,17.1
WQ-08,52.2491994,6.1580293,urban,7.3,7.1,12.4,5.4,1150,17.8
WQ-09,52.2514390,6.1521097,urban,7.2,6.6,14.6,6.2,1780,18.3
WQ-10,52.2577138,6.1406303,urban,7.2,6.8,13.2,5.8,1420,18.0
WQ-11,52.3256290,6.0939810,agricultural,7.3,7.4,10.5,6.5,980,17.6
WQ-12,52.3339193,6.0940154,agricultural,7.4,7.9,9.6,6.9,720,17.3
WQ-13,52.3370474,6.0961311,agricultural,7.4,8.3,8.8,7.2,540,17.0
WQ-14,52.3443257,6.1047233,agricultural,7.5,8.6,8.1,7.4,410,16.8
WQ-15,52.3497971,6.1012646,agricultural,7.5,8.9,7.6,7.1,340,16.5
